epoch,step,val_loss
0,5,0.008917330764234066
1,11,0.03011661022901535
2,17,0.07984492927789688
3,23,0.17172293365001678
