epoch,step,val_loss
0,5,0.009999978356063366
1,11,0.026137731969356537
2,17,0.05576257407665253
3,23,0.1082940325140953
