epoch,step,val_loss
0,5,0.0023369472473859787
1,11,0.012588744051754475
2,17,0.03652165085077286
3,23,0.0847553163766861
