epoch,step,val_loss
0,5,0.02075151354074478
1,11,0.041171301156282425
2,17,0.07139579951763153
3,23,0.11410018801689148
