epoch,step,val_loss
0,5,0.011812655255198479
1,11,0.03717060387134552
2,17,0.08371119201183319
3,23,0.15163840353488922
